stringId_A,stringId_B,preferredName_A,preferredName_B,ncbiTaxonId,score,nscore,fscore,pscore,ascore,escore,dscore,tscore
9606.ENSP00000212015,9606.ENSP00000330393,SIRT1,LEPR,9606,0.404,0.0,0.0,0,0.049,0.0,0.0,0.399
9606.ENSP00000212015,9606.ENSP00000353731,SIRT1,DPP4,9606,0.413,0.0,0.0,0,0.0,0.0,0.0,0.413
9606.ENSP00000212015,9606.ENSP00000276925,SIRT1,CDKN2B,9606,0.424,0.0,0.0,0,0.0,0.093,0.0,0.391
9606.ENSP00000212015,9606.ENSP00000362353,SIRT1,GLP1R,9606,0.426,0.0,0.0,0,0.0,0.0,0.0,0.426
9606.ENSP00000212015,9606.ENSP00000327943,SIRT1,SLC5A2,9606,0.437,0.044,0.0,0,0.0,0.0,0.0,0.435
9606.ENSP00000212015,9606.ENSP00000303830,SIRT1,INSR,9606,0.468,0.0,0.0,0,0.042,0.0,0.0,0.467
9606.ENSP00000212015,9606.ENSP00000263967,SIRT1,PIK3CA,9606,0.48,0.0,0.0,0,0.21,0.0,0.0,0.368
9606.ENSP00000212015,9606.ENSP00000375892,SIRT1,AKT2,9606,0.526,0.0,0.0,0,0.0,0.042,0.0,0.526
9606.ENSP00000212015,9606.ENSP00000360290,SIRT1,PRKAA2,9606,0.528,0.0,0.0,0,0.0,0.045,0.0,0.526
9606.ENSP00000212015,9606.ENSP00000295108,SIRT1,NEUROD1,9606,0.531,0.0,0.0,0,0.051,0.078,0.0,0.508
9606.ENSP00000212015,9606.ENSP00000438804,SIRT1,HNF1A,9606,0.544,0.0,0.0,0,0.0,0.301,0.0,0.374
9606.ENSP00000212015,9606.ENSP00000346148,SIRT1,PRKAA1,9606,0.553,0.0,0.0,0,0.06,0.045,0.0,0.542
9606.ENSP00000212015,9606.ENSP00000223366,SIRT1,GCK,9606,0.594,0.0,0.011,0,0.0,0.096,0.0,0.57
9606.ENSP00000212015,9606.ENSP00000418915,SIRT1,CDKN2A,9606,0.616,0.0,0.0,0,0.0,0.093,0.0,0.594
9606.ENSP00000212015,9606.ENSP00000320935,SIRT1,SLC2A4,9606,0.616,0.0,0.0,0,0.055,0.0,0.0,0.61
9606.ENSP00000212015,9606.ENSP00000312652,SIRT1,LEP,9606,0.624,0.0,0.0,0,0.0,0.0,0.0,0.624
9606.ENSP00000212015,9606.ENSP00000307272,SIRT1,RPTOR,9606,0.655,0.0,0.0,0,0.049,0.292,0.0,0.529
9606.ENSP00000212015,9606.ENSP00000312987,SIRT1,HNF4A,9606,0.691,0.0,0.0,0,0.0,0.446,0.0,0.466
9606.ENSP00000212015,9606.ENSP00000398698,SIRT1,TNF,9606,0.706,0.0,0.0,0,0.0,0.0,0.0,0.706
9606.ENSP00000212015,9606.ENSP00000385675,SIRT1,IL6,9606,0.726,0.0,0.0,0,0.0,0.0,0.0,0.726
9606.ENSP00000212015,9606.ENSP00000365016,SIRT1,IRS2,9606,0.786,0.0,0.0,0,0.076,0.537,0.0,0.539
9606.ENSP00000212015,9606.ENSP00000304895,SIRT1,IRS1,9606,0.823,0.0,0.0,0,0.055,0.537,0.0,0.629
9606.ENSP00000212015,9606.ENSP00000389814,SIRT1,ADIPOQ,9606,0.862,0.0,0.0,0,0.0,0.0,0.0,0.862
9606.ENSP00000212015,9606.ENSP00000385523,SIRT1,PPARA,9606,0.906,0.0,0.0,0,0.0,0.345,0.0,0.862
9606.ENSP00000212015,9606.ENSP00000380432,SIRT1,INS,9606,0.91,0.0,0.0,0,0.0,0.0,0.0,0.91
9606.ENSP00000212015,9606.ENSP00000354558,SIRT1,MTOR,9606,0.937,0.0,0.0,0,0.074,0.526,0.0,0.867
9606.ENSP00000212015,9606.ENSP00000287820,SIRT1,PPARG,9606,0.998,0.0,0.0,0,0.0,0.345,0.9,0.981
9606.ENSP00000212015,9606.ENSP00000339527,SIRT1,FOXO3,9606,0.999,0.0,0.0,0,0.06,0.774,0.9,0.964
9606.ENSP00000212015,9606.ENSP00000368880,SIRT1,FOXO1,9606,0.999,0.0,0.0,0,0.109,0.816,0.9,0.984
9606.ENSP00000221515,9606.ENSP00000353731,RETN,DPP4,9606,0.403,0.0,0.0,0,0.0,0.0,0.0,0.403
9606.ENSP00000221515,9606.ENSP00000365016,RETN,IRS2,9606,0.447,0.0,0.0,0,0.042,0.0,0.0,0.446
9606.ENSP00000221515,9606.ENSP00000385523,RETN,PPARA,9606,0.572,0.0,0.0,0,0.0,0.0,0.0,0.572
9606.ENSP00000221515,9606.ENSP00000303830,RETN,INSR,9606,0.596,0.0,0.0,0,0.0,0.0,0.0,0.596
9606.ENSP00000221515,9606.ENSP00000304895,RETN,IRS1,9606,0.6,0.0,0.0,0,0.0,0.0,0.0,0.6
9606.ENSP00000221515,9606.ENSP00000330393,RETN,LEPR,9606,0.606,0.0,0.0,0,0.0,0.0,0.0,0.606
9606.ENSP00000221515,9606.ENSP00000320935,RETN,SLC2A4,9606,0.666,0.0,0.0,0,0.086,0.0,0.0,0.649
9606.ENSP00000221515,9606.ENSP00000385675,RETN,IL6,9606,0.809,0.0,0.0,0,0.044,0.0,0.0,0.809
9606.ENSP00000221515,9606.ENSP00000368880,RETN,FOXO1,9606,0.825,0.0,0.0,0,0.0,0.0,0.75,0.329
9606.ENSP00000221515,9606.ENSP00000398698,RETN,TNF,9606,0.857,0.0,0.0,0,0.166,0.0,0.0,0.835
9606.ENSP00000221515,9606.ENSP00000287820,RETN,PPARG,9606,0.858,0.0,0.0,0,0.044,0.0,0.0,0.858
9606.ENSP00000221515,9606.ENSP00000380432,RETN,INS,9606,0.886,0.0,0.0,0,0.094,0.0,0.0,0.879
9606.ENSP00000221515,9606.ENSP00000312652,RETN,LEP,9606,0.932,0.0,0.0,0,0.143,0.0,0.0,0.924
9606.ENSP00000221515,9606.ENSP00000389814,RETN,ADIPOQ,9606,0.967,0.0,0.0,0,0.378,0.0,0.0,0.949
9606.ENSP00000223366,9606.ENSP00000274695,GCK,CDKAL1,9606,0.405,0.0,0.0,0,0.0,0.0,0.0,0.405
9606.ENSP00000223366,9606.ENSP00000353731,GCK,DPP4,9606,0.431,0.0,0.0,0,0.0,0.0,0.0,0.431
9606.ENSP00000223366,9606.ENSP00000383558,GCK,GCGR,9606,0.443,0.0,0.0,0,0.049,0.0,0.0,0.438
9606.ENSP00000223366,9606.ENSP00000486891,GCK,TCF7L2,9606,0.447,0.0,0.0,0,0.0,0.0,0.0,0.447
9606.ENSP00000223366,9606.ENSP00000330393,GCK,LEPR,9606,0.451,0.0,0.0,0,0.0,0.0,0.0,0.451
9606.ENSP00000223366,9606.ENSP00000389814,GCK,ADIPOQ,9606,0.476,0.0,0.0,0,0.0,0.0,0.0,0.476
9606.ENSP00000223366,9606.ENSP00000415011,GCK,SLC30A8,9606,0.523,0.0,0.0,0,0.047,0.0,0.0,0.52
9606.ENSP00000223366,9606.ENSP00000307272,GCK,RPTOR,9606,0.523,0.0,0.0,0,0.0,0.0,0.0,0.523
9606.ENSP00000223366,9606.ENSP00000362353,GCK,GLP1R,9606,0.562,0.0,0.0,0,0.082,0.0,0.0,0.543
9606.ENSP00000223366,9606.ENSP00000385523,GCK,PPARA,9606,0.578,0.0,0.0,0,0.0,0.046,0.0,0.575
9606.ENSP00000223366,9606.ENSP00000287820,GCK,PPARG,9606,0.582,0.0,0.0,0,0.0,0.046,0.0,0.579
9606.ENSP00000223366,9606.ENSP00000312652,GCK,LEP,9606,0.595,0.0,0.0,0,0.0,0.085,0.0,0.576
9606.ENSP00000223366,9606.ENSP00000320935,GCK,SLC2A4,9606,0.669,0.0,0.0,0,0.074,0.0,0.0,0.657
9606.ENSP00000223366,9606.ENSP00000303830,GCK,INSR,9606,0.702,0.0,0.0,0,0.0,0.045,0.0,0.701
9606.ENSP00000223366,9606.ENSP00000304895,GCK,IRS1,9606,0.735,0.0,0.0,0,0.0,0.0,0.0,0.735
9606.ENSP00000223366,9606.ENSP00000312987,GCK,HNF4A,9606,0.739,0.0,0.0,0,0.053,0.0,0.0,0.735
9606.ENSP00000223366,9606.ENSP00000480291,GCK,HNF1B,9606,0.759,0.0,0.0,0,0.057,0.0,0.0,0.755
9606.ENSP00000223366,9606.ENSP00000365016,GCK,IRS2,9606,0.762,0.0,0.0,0,0.0,0.0,0.0,0.762
9606.ENSP00000223366,9606.ENSP00000368880,GCK,FOXO1,9606,0.765,0.0,0.0,0,0.0,0.0,0.5,0.55
9606.ENSP00000223366,9606.ENSP00000345708,GCK,KCNJ11,9606,0.899,0.0,0.0,0,0.042,0.0,0.0,0.899
9606.ENSP00000223366,9606.ENSP00000438804,GCK,HNF1A,9606,0.901,0.0,0.0,0,0.076,0.0,0.0,0.898
9606.ENSP00000223366,9606.ENSP00000295108,GCK,NEUROD1,9606,0.93,0.0,0.0,0,0.055,0.0,0.75,0.73
9606.ENSP00000223366,9606.ENSP00000380432,GCK,INS,9606,0.945,0.0,0.0,0,0.05,0.0,0.0,0.945
9606.ENSP00000223366,9606.ENSP00000494321,GCK,ABCC8,9606,0.949,0.0,0.004,0,0.117,0.054,0.0,0.944
9606.ENSP00000223366,9606.ENSP00000370421,GCK,PDX1,9606,0.965,0.0,0.0,0,0.044,0.0,0.75,0.868
9606.ENSP00000256646,9606.ENSP00000276925,NOTCH2,CDKN2B,9606,0.401,0.0,0.0,0,0.064,0.098,0.0,0.348
9606.ENSP00000256646,9606.ENSP00000345708,NOTCH2,KCNJ11,9606,0.417,0.0,0.0,0,0.055,0.0,0.0,0.409
9606.ENSP00000256646,9606.ENSP00000385675,NOTCH2,IL6,9606,0.419,0.0,0.0,0,0.055,0.0,0.0,0.41
9606.ENSP00000256646,9606.ENSP00000398698,NOTCH2,TNF,9606,0.429,0.0,0.0,0,0.101,0.071,0.0,0.371
9606.ENSP00000256646,9606.ENSP00000480291,NOTCH2,HNF1B,9606,0.433,0.0,0.0,0,0.0,0.045,0.0,0.431
9606.ENSP00000256646,9606.ENSP00000410242,NOTCH2,IGF2BP2,9606,0.448,0.0,0.0,0,0.0,0.068,0.0,0.432
9606.ENSP00000256646,9606.ENSP00000415011,NOTCH2,SLC30A8,9606,0.449,0.0,0.0,0,0.0,0.046,0.0,0.447
9606.ENSP00000256646,9606.ENSP00000486891,NOTCH2,TCF7L2,9606,0.478,0.0,0.0,0,0.055,0.051,0.0,0.464
9606.ENSP00000256646,9606.ENSP00000263967,NOTCH2,PIK3CA,9606,0.498,0.0,0.0,0,0.049,0.072,0.0,0.477
9606.ENSP00000256646,9606.ENSP00000282728,NOTCH2,HHEX,9606,0.503,0.0,0.0,0,0.067,0.041,0.0,0.488
9606.ENSP00000256646,9606.ENSP00000377003,NOTCH2,TSPAN8,9606,0.508,0.0,0.0,0,0.0,0.0,0.0,0.508
9606.ENSP00000256646,9606.ENSP00000274695,NOTCH2,CDKAL1,9606,0.512,0.0,0.0,0,0.0,0.0,0.0,0.512
9606.ENSP00000256646,9606.ENSP00000478874,NOTCH2,CAMK1D,9606,0.532,0.0,0.0,0,0.071,0.105,0.0,0.482
9606.ENSP00000256646,9606.ENSP00000418915,NOTCH2,CDKN2A,9606,0.56,0.0,0.0,0,0.064,0.098,0.0,0.521
9606.ENSP00000256646,9606.ENSP00000283928,NOTCH2,JAZF1,9606,0.581,0.0,0.0,0,0.064,0.0,0.0,0.571
9606.ENSP00000256646,9606.ENSP00000418735,NOTCH2,ADAMTS9,9606,0.587,0.0,0.0,0,0.061,0.175,0.0,0.509
9606.ENSP00000256646,9606.ENSP00000281141,NOTCH2,CDC123,9606,0.588,0.0,0.0,0,0.056,0.0,0.0,0.582
9606.ENSP00000263967,9606.ENSP00000385675,PIK3CA,IL6,9606,0.442,0.0,0.0,0,0.0,0.0,0.0,0.442
9606.ENSP00000263967,9606.ENSP00000276925,PIK3CA,CDKN2B,9606,0.507,0.0,0.0,0,0.0,0.0,0.0,0.507
9606.ENSP00000263967,9606.ENSP00000307272,PIK3CA,RPTOR,9606,0.541,0.0,0.0,0,0.049,0.0,0.0,0.537
9606.ENSP00000263967,9606.ENSP00000287820,PIK3CA,PPARG,9606,0.547,0.0,0.0,0,0.053,0.0,0.0,0.542
9606.ENSP00000263967,9606.ENSP00000380432,PIK3CA,INS,9606,0.585,0.0,0.0,0,0.0,0.0,0.0,0.585
9606.ENSP00000263967,9606.ENSP00000339527,PIK3CA,FOXO3,9606,0.617,0.0,0.0,0,0.107,0.184,0.0,0.517
9606.ENSP00000263967,9606.ENSP00000368880,PIK3CA,FOXO1,9606,0.726,0.0,0.0,0,0.067,0.184,0.0,0.669
9606.ENSP00000263967,9606.ENSP00000418915,PIK3CA,CDKN2A,9606,0.791,0.0,0.0,0,0.0,0.0,0.0,0.791
9606.ENSP00000263967,9606.ENSP00000303830,PIK3CA,INSR,9606,0.947,0.0,0.0,0,0.0,0.098,0.9,0.462
9606.ENSP00000263967,9606.ENSP00000354558,PIK3CA,MTOR,9606,0.963,0.0,0.0,0,0.06,0.166,0.9,0.592
9606.ENSP00000263967,9606.ENSP00000375892,PIK3CA,AKT2,9606,0.984,0.0,0.0,0,0.042,0.098,0.9,0.841
9606.ENSP00000263967,9606.ENSP00000365016,PIK3CA,IRS2,9606,0.984,0.0,0.0,0,0.07,0.557,0.9,0.67
9606.ENSP00000263967,9606.ENSP00000304895,PIK3CA,IRS1,9606,0.999,0.0,0.0,0,0.069,0.849,0.9,0.952
9606.ENSP00000274695,9606.ENSP00000385995,CDKAL1,THADA,9606,0.443,0.0,0.0,0,0.147,0.0,0.0,0.374
9606.ENSP00000274695,9606.ENSP00000494321,CDKAL1,ABCC8,9606,0.478,0.0,0.0,0,0.066,0.0,0.0,0.464
9606.ENSP00000274695,9606.ENSP00000304895,CDKAL1,IRS1,9606,0.507,0.0,0.0,0,0.0,0.0,0.0,0.507
9606.ENSP00000274695,9606.ENSP00000380432,CDKAL1,INS,9606,0.583,0.0,0.0,0,0.0,0.0,0.0,0.583
9606.ENSP00000274695,9606.ENSP00000287820,CDKAL1,PPARG,9606,0.593,0.0,0.0,0,0.0,0.0,0.0,0.593
9606.ENSP00000274695,9606.ENSP00000418915,CDKAL1,CDKN2A,9606,0.653,0.0,0.0,0,0.042,0.0,0.0,0.653
9606.ENSP00000274695,9606.ENSP00000478874,CDKAL1,CAMK1D,9606,0.669,0.0,0.0,0,0.0,0.0,0.0,0.669
9606.ENSP00000274695,9606.ENSP00000480291,CDKAL1,HNF1B,9606,0.706,0.0,0.0,0,0.0,0.0,0.0,0.706
9606.ENSP00000274695,9606.ENSP00000276925,CDKAL1,CDKN2B,9606,0.712,0.0,0.0,0,0.0,0.0,0.0,0.712
9606.ENSP00000274695,9606.ENSP00000283928,CDKAL1,JAZF1,9606,0.762,0.0,0.0,0,0.0,0.0,0.0,0.762
9606.ENSP00000274695,9606.ENSP00000377003,CDKAL1,TSPAN8,9606,0.782,0.0,0.0,0,0.0,0.0,0.0,0.782
9606.ENSP00000274695,9606.ENSP00000281141,CDKAL1,CDC123,9606,0.782,0.0,0.0,0,0.049,0.0,0.0,0.78
9606.ENSP00000274695,9606.ENSP00000418735,CDKAL1,ADAMTS9,9606,0.783,0.0,0.0,0,0.0,0.0,0.0,0.783
9606.ENSP00000274695,9606.ENSP00000345708,CDKAL1,KCNJ11,9606,0.857,0.0,0.0,0,0.0,0.0,0.0,0.857
9606.ENSP00000274695,9606.ENSP00000486891,CDKAL1,TCF7L2,9606,0.884,0.0,0.0,0,0.0,0.0,0.0,0.884
9606.ENSP00000274695,9606.ENSP00000410242,CDKAL1,IGF2BP2,9606,0.898,0.0,0.0,0,0.044,0.0,0.0,0.898
9606.ENSP00000274695,9606.ENSP00000282728,CDKAL1,HHEX,9606,0.925,0.0,0.0,0,0.0,0.0,0.0,0.925
9606.ENSP00000274695,9606.ENSP00000415011,CDKAL1,SLC30A8,9606,0.926,0.0,0.0,0,0.0,0.0,0.0,0.926
9606.ENSP00000276925,9606.ENSP00000281141,CDKN2B,CDC123,9606,0.415,0.0,0.0,0,0.062,0.0,0.0,0.402
9606.ENSP00000276925,9606.ENSP00000486891,CDKN2B,TCF7L2,9606,0.624,0.0,0.0,0,0.0,0.0,0.0,0.624
9606.ENSP00000276925,9606.ENSP00000415011,CDKN2B,SLC30A8,9606,0.653,0.0,0.0,0,0.0,0.046,0.0,0.652
9606.ENSP00000276925,9606.ENSP00000282728,CDKN2B,HHEX,9606,0.655,0.0,0.0,0,0.106,0.0,0.0,0.63
9606.ENSP00000276925,9606.ENSP00000410242,CDKN2B,IGF2BP2,9606,0.773,0.0,0.0,0,0.0,0.0,0.0,0.773
9606.ENSP00000276925,9606.ENSP00000418915,CDKN2B,CDKN2A,9606,0.951,0.0,0.0,0.053,0.169,0.44,0.9,0.067
9606.ENSP00000281141,9606.ENSP00000287820,CDC123,PPARG,9606,0.427,0.0,0.0,0,0.055,0.0,0.0,0.419
9606.ENSP00000281141,9606.ENSP00000480291,CDC123,HNF1B,9606,0.48,0.0,0.0,0,0.0,0.0,0.0,0.48
9606.ENSP00000281141,9606.ENSP00000418915,CDC123,CDKN2A,9606,0.487,0.0,0.0,0,0.064,0.0,0.0,0.474
9606.ENSP00000281141,9606.ENSP00000345708,CDC123,KCNJ11,9606,0.644,0.0,0.0,0,0.0,0.0,0.0,0.644
9606.ENSP00000281141,9606.ENSP00000486891,CDC123,TCF7L2,9606,0.659,0.0,0.0,0,0.0,0.0,0.0,0.659
9606.ENSP00000281141,9606.ENSP00000410242,CDC123,IGF2BP2,9606,0.67,0.0,0.0,0,0.042,0.0,0.0,0.67
9606.ENSP00000281141,9606.ENSP00000418735,CDC123,ADAMTS9,9606,0.72,0.0,0.0,0,0.0,0.0,0.0,0.72
9606.ENSP00000281141,9606.ENSP00000377003,CDC123,TSPAN8,9606,0.72,0.0,0.0,0,0.0,0.0,0.0,0.72
9606.ENSP00000281141,9606.ENSP00000282728,CDC123,HHEX,9606,0.72,0.0,0.0,0,0.0,0.0,0.0,0.72
9606.ENSP00000281141,9606.ENSP00000415011,CDC123,SLC30A8,9606,0.722,0.0,0.0,0,0.055,0.0,0.0,0.718
9606.ENSP00000281141,9606.ENSP00000283928,CDC123,JAZF1,9606,0.82,0.0,0.0,0,0.0,0.0,0.0,0.82
9606.ENSP00000281141,9606.ENSP00000478874,CDC123,CAMK1D,9606,0.876,0.0,0.0,0,0.073,0.0,0.0,0.872
9606.ENSP00000282728,9606.ENSP00000295108,HHEX,NEUROD1,9606,0.411,0.0,0.0,0,0.104,0.0,0.0,0.37
9606.ENSP00000282728,9606.ENSP00000438804,HHEX,HNF1A,9606,0.432,0.0,0.0,0,0.0,0.0,0.0,0.432
9606.ENSP00000282728,9606.ENSP00000494321,HHEX,ABCC8,9606,0.437,0.0,0.0,0,0.105,0.0,0.0,0.397
9606.ENSP00000282728,9606.ENSP00000312987,HHEX,HNF4A,9606,0.474,0.0,0.0,0,0.078,0.071,0.0,0.435
9606.ENSP00000282728,9606.ENSP00000287820,HHEX,PPARG,9606,0.544,0.0,0.0,0,0.048,0.0,0.0,0.541
9606.ENSP00000282728,9606.ENSP00000418735,HHEX,ADAMTS9,9606,0.609,0.0,0.0,0,0.103,0.0,0.0,0.583
9606.ENSP00000282728,9606.ENSP00000418915,HHEX,CDKN2A,9606,0.609,0.0,0.0,0,0.106,0.0,0.0,0.581
9606.ENSP00000282728,9606.ENSP00000478874,HHEX,CAMK1D,9606,0.624,0.0,0.0,0,0.0,0.0,0.0,0.624
9606.ENSP00000282728,9606.ENSP00000380432,HHEX,INS,9606,0.643,0.0,0.0,0,0.0,0.0,0.0,0.643
9606.ENSP00000282728,9606.ENSP00000283928,HHEX,JAZF1,9606,0.698,0.0,0.0,0,0.05,0.0,0.0,0.696
9606.ENSP00000282728,9606.ENSP00000480291,HHEX,HNF1B,9606,0.716,0.0,0.0,0,0.0,0.0,0.0,0.716
9606.ENSP00000282728,9606.ENSP00000345708,HHEX,KCNJ11,9606,0.798,0.0,0.0,0,0.0,0.0,0.0,0.798
9606.ENSP00000282728,9606.ENSP00000377003,HHEX,TSPAN8,9606,0.817,0.0,0.0,0,0.0,0.0,0.0,0.817
9606.ENSP00000282728,9606.ENSP00000486891,HHEX,TCF7L2,9606,0.88,0.0,0.0,0,0.0,0.0,0.0,0.88
9606.ENSP00000282728,9606.ENSP00000410242,HHEX,IGF2BP2,9606,0.908,0.0,0.0,0,0.0,0.0,0.0,0.908
9606.ENSP00000282728,9606.ENSP00000415011,HHEX,SLC30A8,9606,0.934,0.0,0.0,0,0.0,0.0,0.0,0.934
9606.ENSP00000283928,9606.ENSP00000418915,JAZF1,CDKN2A,9606,0.447,0.0,0.0,0,0.0,0.0,0.0,0.447
9606.ENSP00000283928,9606.ENSP00000385995,JAZF1,THADA,9606,0.449,0.0,0.0,0,0.0,0.0,0.0,0.449
9606.ENSP00000283928,9606.ENSP00000287820,JAZF1,PPARG,9606,0.577,0.0,0.0,0,0.0,0.269,0.0,0.445
9606.ENSP00000283928,9606.ENSP00000345708,JAZF1,KCNJ11,9606,0.609,0.0,0.0,0,0.0,0.0,0.0,0.609
9606.ENSP00000283928,9606.ENSP00000486891,JAZF1,TCF7L2,9606,0.666,0.0,0.0,0,0.0,0.0,0.0,0.666
9606.ENSP00000283928,9606.ENSP00000480291,JAZF1,HNF1B,9606,0.672,0.0,0.0,0,0.0,0.0,0.0,0.672
9606.ENSP00000283928,9606.ENSP00000410242,JAZF1,IGF2BP2,9606,0.674,0.0,0.0,0,0.06,0.0,0.0,0.668
9606.ENSP00000283928,9606.ENSP00000415011,JAZF1,SLC30A8,9606,0.696,0.0,0.0,0,0.0,0.0,0.0,0.696
9606.ENSP00000283928,9606.ENSP00000377003,JAZF1,TSPAN8,9606,0.696,0.0,0.0,0,0.0,0.0,0.0,0.696
9606.ENSP00000283928,9606.ENSP00000418735,JAZF1,ADAMTS9,9606,0.697,0.0,0.0,0,0.0,0.0,0.0,0.697
9606.ENSP00000283928,9606.ENSP00000478874,JAZF1,CAMK1D,9606,0.699,0.0,0.0,0,0.045,0.0,0.0,0.698
9606.ENSP00000287820,9606.ENSP00000438804,PPARG,HNF1A,9606,0.493,0.0,0.0,0,0.0,0.046,0.0,0.49
9606.ENSP00000287820,9606.ENSP00000418915,PPARG,CDKN2A,9606,0.508,0.0,0.0,0,0.0,0.0,0.0,0.508
9606.ENSP00000287820,9606.ENSP00000410242,PPARG,IGF2BP2,9606,0.509,0.0,0.0,0,0.0,0.045,0.0,0.507
9606.ENSP00000287820,9606.ENSP00000360290,PPARG,PRKAA2,9606,0.51,0.0,0.0,0,0.056,0.294,0.0,0.324
9606.ENSP00000287820,9606.ENSP00000346148,PPARG,PRKAA1,9606,0.532,0.0,0.0,0,0.056,0.294,0.0,0.354
9606.ENSP00000287820,9606.ENSP00000327943,PPARG,SLC5A2,9606,0.546,0.0,0.0,0,0.053,0.0,0.0,0.541
9606.ENSP00000287820,9606.ENSP00000303830,PPARG,INSR,9606,0.555,0.0,0.0,0,0.071,0.071,0.0,0.525
9606.ENSP00000287820,9606.ENSP00000415011,PPARG,SLC30A8,9606,0.57,0.0,0.0,0,0.0,0.0,0.0,0.57
9606.ENSP00000287820,9606.ENSP00000362353,PPARG,GLP1R,9606,0.58,0.0,0.0,0,0.054,0.0,0.0,0.574
9606.ENSP00000287820,9606.ENSP00000339527,PPARG,FOXO3,9606,0.582,0.0,0.0,0,0.0,0.054,0.0,0.576
9606.ENSP00000287820,9606.ENSP00000312987,PPARG,HNF4A,9606,0.582,0.0,0.0,0,0.049,0.091,0.0,0.555
9606.ENSP00000287820,9606.ENSP00000365016,PPARG,IRS2,9606,0.595,0.0,0.0,0,0.047,0.05,0.0,0.589
9606.ENSP00000287820,9606.ENSP00000353731,PPARG,DPP4,9606,0.623,0.0,0.0,0,0.055,0.052,0.0,0.613
9606.ENSP00000287820,9606.ENSP00000494321,PPARG,ABCC8,9606,0.641,0.0,0.0,0,0.055,0.0,0.0,0.636
9606.ENSP00000287820,9606.ENSP00000385523,PPARG,PPARA,9606,0.647,0.0,0.0,0,0.055,0.0,0.0,0.642
9606.ENSP00000287820,9606.ENSP00000486891,PPARG,TCF7L2,9606,0.656,0.0,0.0,0,0.062,0.052,0.0,0.644
9606.ENSP00000287820,9606.ENSP00000375892,PPARG,AKT2,9606,0.691,0.0,0.0,0,0.084,0.071,0.0,0.666
9606.ENSP00000287820,9606.ENSP00000304895,PPARG,IRS1,9606,0.726,0.0,0.0,0,0.042,0.05,0.0,0.724
9606.ENSP00000287820,9606.ENSP00000330393,PPARG,LEPR,9606,0.734,0.0,0.0,0,0.056,0.0,0.0,0.73
9606.ENSP00000287820,9606.ENSP00000345708,PPARG,KCNJ11,9606,0.748,0.0,0.0,0,0.057,0.0,0.0,0.744
9606.ENSP00000287820,9606.ENSP00000398698,PPARG,TNF,9606,0.807,0.0,0.0,0,0.099,0.0,0.0,0.795
9606.ENSP00000287820,9606.ENSP00000385675,PPARG,IL6,9606,0.82,0.0,0.0,0,0.082,0.0,0.0,0.812
9606.ENSP00000287820,9606.ENSP00000368880,PPARG,FOXO1,9606,0.856,0.0,0.0,0,0.0,0.054,0.0,0.854
9606.ENSP00000287820,9606.ENSP00000320935,PPARG,SLC2A4,9606,0.934,0.0,0.0,0,0.059,0.0,0.5,0.872
9606.ENSP00000287820,9606.ENSP00000307272,PPARG,RPTOR,9606,0.937,0.0,0.0,0,0.0,0.0,0.9,0.397
9606.ENSP00000287820,9606.ENSP00000380432,PPARG,INS,9606,0.944,0.0,0.0,0,0.0,0.0,0.0,0.944
9606.ENSP00000287820,9606.ENSP00000312652,PPARG,LEP,9606,0.948,0.0,0.0,0,0.112,0.0,0.5,0.894
9606.ENSP00000287820,9606.ENSP00000354558,PPARG,MTOR,9606,0.964,0.0,0.0,0,0.0,0.0,0.9,0.655
9606.ENSP00000287820,9606.ENSP00000389814,PPARG,ADIPOQ,9606,0.965,0.0,0.0,0,0.138,0.0,0.5,0.926
9606.ENSP00000295108,9606.ENSP00000362353,NEUROD1,GLP1R,9606,0.412,0.0,0.0,0,0.06,0.0,0.0,0.4
9606.ENSP00000295108,9606.ENSP00000368880,NEUROD1,FOXO1,9606,0.446,0.0,0.0,0,0.0,0.0,0.0,0.446
9606.ENSP00000295108,9606.ENSP00000486891,NEUROD1,TCF7L2,9606,0.451,0.0,0.0,0,0.0,0.091,0.0,0.421
9606.ENSP00000295108,9606.ENSP00000415011,NEUROD1,SLC30A8,9606,0.507,0.0,0.0,0,0.047,0.0,0.0,0.503
9606.ENSP00000295108,9606.ENSP00000345708,NEUROD1,KCNJ11,9606,0.628,0.0,0.0,0,0.057,0.0,0.0,0.622
9606.ENSP00000295108,9606.ENSP00000312987,NEUROD1,HNF4A,9606,0.639,0.0,0.0,0,0.075,0.0,0.0,0.626
9606.ENSP00000295108,9606.ENSP00000494321,NEUROD1,ABCC8,9606,0.704,0.0,0.0,0,0.149,0.0,0.0,0.667
9606.ENSP00000295108,9606.ENSP00000480291,NEUROD1,HNF1B,9606,0.762,0.0,0.0,0,0.0,0.0,0.0,0.762
9606.ENSP00000295108,9606.ENSP00000370421,NEUROD1,PDX1,9606,0.825,0.0,0.0,0,0.104,0.045,0.0,0.812
9606.ENSP00000295108,9606.ENSP00000438804,NEUROD1,HNF1A,9606,0.856,0.0,0.0,0,0.044,0.0,0.0,0.856
9606.ENSP00000295108,9606.ENSP00000380432,NEUROD1,INS,9606,0.878,0.0,0.0,0,0.127,0.0,0.0,0.866
9606.ENSP00000303830,9606.ENSP00000307272,INSR,RPTOR,9606,0.418,0.0,0.0,0,0.0,0.052,0.0,0.412
9606.ENSP00000303830,9606.ENSP00000345708,INSR,KCNJ11,9606,0.447,0.0,0.0,0,0.0,0.043,0.0,0.446
9606.ENSP00000303830,9606.ENSP00000346148,INSR,PRKAA1,9606,0.459,0.0,0.0,0,0.06,0.331,0.0,0.208
9606.ENSP00000303830,9606.ENSP00000494321,INSR,ABCC8,9606,0.466,0.0,0.0,0,0.05,0.054,0.0,0.454
9606.ENSP00000303830,9606.ENSP00000360290,INSR,PRKAA2,9606,0.469,0.0,0.0,0,0.091,0.331,0.0,0.195
9606.ENSP00000303830,9606.ENSP00000330393,INSR,LEPR,9606,0.493,0.0,0.0,0,0.0,0.045,0.0,0.491
9606.ENSP00000303830,9606.ENSP00000339527,INSR,FOXO3,9606,0.506,0.0,0.0,0,0.074,0.135,0.0,0.432
9606.ENSP00000303830,9606.ENSP00000362353,INSR,GLP1R,9606,0.508,0.0,0.0,0,0.0,0.065,0.0,0.495
9606.ENSP00000303830,9606.ENSP00000385523,INSR,PPARA,9606,0.524,0.0,0.0,0,0.156,0.071,0.0,0.442
9606.ENSP00000303830,9606.ENSP00000389814,INSR,ADIPOQ,9606,0.525,0.0,0.0,0,0.0,0.0,0.0,0.525
9606.ENSP00000303830,9606.ENSP00000354558,INSR,MTOR,9606,0.532,0.0,0.0,0,0.0,0.073,0.0,0.516
9606.ENSP00000303830,9606.ENSP00000368880,INSR,FOXO1,9606,0.743,0.0,0.0,0,0.056,0.135,0.0,0.711
9606.ENSP00000303830,9606.ENSP00000312652,INSR,LEP,9606,0.744,0.0,0.0,0,0.0,0.0,0.0,0.744
9606.ENSP00000303830,9606.ENSP00000320935,INSR,SLC2A4,9606,0.813,0.0,0.0,0,0.072,0.072,0.0,0.8
9606.ENSP00000303830,9606.ENSP00000304895,INSR,IRS1,9606,0.999,0.0,0.0,0,0.055,0.99,0.9,0.991
9606.ENSP00000303830,9606.ENSP00000365016,INSR,IRS2,9606,0.999,0.0,0.0,0,0.076,0.965,0.9,0.903
9606.ENSP00000303830,9606.ENSP00000380432,INSR,INS,9606,0.999,0.0,0.0,0,0.0,0.983,0.9,0.999
9606.ENSP00000304895,9606.ENSP00000494321,IRS1,ABCC8,9606,0.401,0.0,0.0,0,0.058,0.071,0.0,0.371
9606.ENSP00000304895,9606.ENSP00000418915,IRS1,CDKN2A,9606,0.408,0.0,0.0,0,0.064,0.098,0.0,0.356
9606.ENSP00000304895,9606.ENSP00000370421,IRS1,PDX1,9606,0.44,0.0,0.0,0,0.0,0.045,0.0,0.438
9606.ENSP00000304895,9606.ENSP00000415011,IRS1,SLC30A8,9606,0.445,0.0,0.0,0,0.0,0.0,0.0,0.445
9606.ENSP00000304895,9606.ENSP00000353731,IRS1,DPP4,9606,0.464,0.0,0.0,0,0.0,0.073,0.0,0.446
9606.ENSP00000304895,9606.ENSP00000362353,IRS1,GLP1R,9606,0.475,0.0,0.0,0,0.0,0.0,0.0,0.475
9606.ENSP00000304895,9606.ENSP00000345708,IRS1,KCNJ11,9606,0.51,0.0,0.0,0,0.055,0.0,0.0,0.503
9606.ENSP00000304895,9606.ENSP00000312987,IRS1,HNF4A,9606,0.526,0.0,0.0,0,0.0,0.051,0.0,0.522
9606.ENSP00000304895,9606.ENSP00000486891,IRS1,TCF7L2,9606,0.585,0.0,0.0,0,0.049,0.045,0.0,0.58
9606.ENSP00000304895,9606.ENSP00000339527,IRS1,FOXO3,9606,0.629,0.0,0.0,0,0.0,0.091,0.0,0.609
9606.ENSP00000304895,9606.ENSP00000398698,IRS1,TNF,9606,0.647,0.0,0.0,0,0.0,0.045,0.0,0.646
9606.ENSP00000304895,9606.ENSP00000410242,IRS1,IGF2BP2,9606,0.651,0.0,0.0,0,0.0,0.068,0.0,0.641
9606.ENSP00000304895,9606.ENSP00000385523,IRS1,PPARA,9606,0.663,0.0,0.0,0,0.0,0.05,0.0,0.66
9606.ENSP00000304895,9606.ENSP00000385675,IRS1,IL6,9606,0.704,0.0,0.0,0,0.0,0.0,0.0,0.704
9606.ENSP00000304895,9606.ENSP00000389814,IRS1,ADIPOQ,9606,0.734,0.0,0.0,0,0.0,0.0,0.0,0.734
9606.ENSP00000304895,9606.ENSP00000330393,IRS1,LEPR,9606,0.782,0.0,0.0,0,0.0,0.0,0.5,0.582
9606.ENSP00000304895,9606.ENSP00000375892,IRS1,AKT2,9606,0.825,0.0,0.0,0,0.0,0.098,0.0,0.814
9606.ENSP00000304895,9606.ENSP00000368880,IRS1,FOXO1,9606,0.854,0.0,0.0,0,0.049,0.091,0.0,0.845
9606.ENSP00000304895,9606.ENSP00000307272,IRS1,RPTOR,9606,0.855,0.0,0.0,0,0.049,0.61,0.0,0.64
9606.ENSP00000304895,9606.ENSP00000320935,IRS1,SLC2A4,9606,0.94,0.0,0.0,0,0.0,0.078,0.0,0.938
9606.ENSP00000304895,9606.ENSP00000312652,IRS1,LEP,9606,0.963,0.0,0.0,0,0.069,0.0,0.5,0.928
9606.ENSP00000304895,9606.ENSP00000354558,IRS1,MTOR,9606,0.992,0.0,0.0,0,0.049,0.635,0.9,0.813
9606.ENSP00000304895,9606.ENSP00000365016,IRS1,IRS2,9606,0.997,0.0,0.0,0,0.044,0.287,0.9,0.97
9606.ENSP00000304895,9606.ENSP00000380432,IRS1,INS,9606,0.999,0.0,0.0,0,0.0,0.0,0.9,0.999
9606.ENSP00000307272,9606.ENSP00000365016,RPTOR,IRS2,9606,0.583,0.0,0.0,0,0.0,0.314,0.0,0.416
9606.ENSP00000307272,9606.ENSP00000339527,RPTOR,FOXO3,9606,0.634,0.0,0.0,0,0.067,0.0,0.0,0.623
9606.ENSP00000307272,9606.ENSP00000368880,RPTOR,FOXO1,9606,0.634,0.0,0.0,0,0.067,0.0,0.0,0.623
9606.ENSP00000307272,9606.ENSP00000380432,RPTOR,INS,9606,0.764,0.0,0.0,0,0.0,0.0,0.0,0.764
9606.ENSP00000307272,9606.ENSP00000346148,RPTOR,PRKAA1,9606,0.965,0.0,0.0,0,0.06,0.354,0.9,0.493
9606.ENSP00000307272,9606.ENSP00000360290,RPTOR,PRKAA2,9606,0.973,0.0,0.0,0,0.0,0.354,0.9,0.625
9606.ENSP00000307272,9606.ENSP00000375892,RPTOR,AKT2,9606,0.976,0.0,0.0,0,0.049,0.052,0.9,0.768
9606.ENSP00000307272,9606.ENSP00000354558,RPTOR,MTOR,9606,0.999,0.0,0.0,0,0.301,0.999,0.9,0.999
9606.ENSP00000312652,9606.ENSP00000360290,LEP,PRKAA2,9606,0.437,0.0,0.0,0,0.0,0.0,0.0,0.437
9606.ENSP00000312652,9606.ENSP00000486891,LEP,TCF7L2,9606,0.443,0.0,0.0,0,0.0,0.0,0.0,0.443
9606.ENSP00000312652,9606.ENSP00000327943,LEP,SLC5A2,9606,0.505,0.0,0.0,0,0.0,0.0,0.0,0.505
9606.ENSP00000312652,9606.ENSP00000370421,LEP,PDX1,9606,0.526,0.0,0.0,0,0.0,0.0,0.0,0.526
9606.ENSP00000312652,9606.ENSP00000353731,LEP,DPP4,9606,0.589,0.0,0.0,0,0.044,0.0,0.0,0.587
9606.ENSP00000312652,9606.ENSP00000383558,LEP,GCGR,9606,0.61,0.0,0.0,0,0.0,0.0,0.0,0.61
9606.ENSP00000312652,9606.ENSP00000362353,LEP,GLP1R,9606,0.659,0.0,0.0,0,0.044,0.0,0.0,0.658
9606.ENSP00000312652,9606.ENSP00000354558,LEP,MTOR,9606,0.731,0.0,0.0,0,0.0,0.0,0.0,0.731
9606.ENSP00000312652,9606.ENSP00000368880,LEP,FOXO1,9606,0.749,0.0,0.0,0,0.047,0.0,0.0,0.748
9606.ENSP00000312652,9606.ENSP00000385523,LEP,PPARA,9606,0.839,0.0,0.0,0,0.055,0.0,0.0,0.836
9606.ENSP00000312652,9606.ENSP00000320935,LEP,SLC2A4,9606,0.839,0.0,0.0,0,0.048,0.0,0.0,0.838
9606.ENSP00000312652,9606.ENSP00000365016,LEP,IRS2,9606,0.891,0.0,0.0,0,0.069,0.0,0.5,0.785
9606.ENSP00000312652,9606.ENSP00000398698,LEP,TNF,9606,0.892,0.0,0.0,0,0.0,0.0,0.0,0.892
9606.ENSP00000312652,9606.ENSP00000385675,LEP,IL6,9606,0.919,0.0,0.0,0,0.0,0.0,0.0,0.919
9606.ENSP00000312652,9606.ENSP00000380432,LEP,INS,9606,0.985,0.0,0.0,0,0.0,0.0,0.0,0.985
9606.ENSP00000312652,9606.ENSP00000389814,LEP,ADIPOQ,9606,0.994,0.0,0.0,0,0.683,0.0,0.0,0.983
9606.ENSP00000312652,9606.ENSP00000330393,LEP,LEPR,9606,0.999,0.0,0.0,0,0.042,0.641,0.9,0.999
9606.ENSP00000312987,9606.ENSP00000494321,HNF4A,ABCC8,9606,0.405,0.0,0.0,0,0.074,0.0,0.0,0.383
9606.ENSP00000312987,9606.ENSP00000418915,HNF4A,CDKN2A,9606,0.421,0.0,0.0,0,0.0,0.045,0.0,0.419
9606.ENSP00000312987,9606.ENSP00000398698,HNF4A,TNF,9606,0.446,0.0,0.0,0,0.0,0.0,0.0,0.446
9606.ENSP00000312987,9606.ENSP00000339527,HNF4A,FOXO3,9606,0.446,0.0,0.0,0,0.0,0.048,0.0,0.442
9606.ENSP00000312987,9606.ENSP00000385675,HNF4A,IL6,9606,0.471,0.0,0.0,0,0.0,0.0,0.0,0.471
9606.ENSP00000312987,9606.ENSP00000380432,HNF4A,INS,9606,0.648,0.0,0.0,0,0.042,0.0,0.0,0.647
9606.ENSP00000312987,9606.ENSP00000370421,HNF4A,PDX1,9606,0.737,0.0,0.0,0,0.184,0.071,0.0,0.682
9606.ENSP00000312987,9606.ENSP00000480291,HNF4A,HNF1B,9606,0.851,0.0,0.0,0,0.24,0.085,0.0,0.804
9606.ENSP00000312987,9606.ENSP00000486891,HNF4A,TCF7L2,9606,0.928,0.0,0.0,0,0.0,0.256,0.0,0.908
9606.ENSP00000312987,9606.ENSP00000368880,HNF4A,FOXO1,9606,0.973,0.0,0.0,0,0.0,0.513,0.0,0.947
9606.ENSP00000312987,9606.ENSP00000438804,HNF4A,HNF1A,9606,0.988,0.0,0.0,0,0.323,0.085,0.75,0.934
9606.ENSP00000320935,9606.ENSP00000339527,SLC2A4,FOXO3,9606,0.424,0.0,0.0,0,0.0,0.0,0.0,0.424
9606.ENSP00000320935,9606.ENSP00000360290,SLC2A4,PRKAA2,9606,0.425,0.0,0.0,0,0.086,0.072,0.0,0.376
9606.ENSP00000320935,9606.ENSP00000346148,SLC2A4,PRKAA1,9606,0.453,0.0,0.0,0,0.074,0.072,0.0,0.415
9606.ENSP00000320935,9606.ENSP00000330393,SLC2A4,LEPR,9606,0.512,0.0,0.0,0,0.042,0.0,0.0,0.511
9606.ENSP00000320935,9606.ENSP00000353731,SLC2A4,DPP4,9606,0.518,0.0,0.0,0,0.056,0.0,0.0,0.511
9606.ENSP00000320935,9606.ENSP00000362353,SLC2A4,GLP1R,9606,0.52,0.0,0.0,0,0.119,0.0,0.0,0.478
9606.ENSP00000320935,9606.ENSP00000327943,SLC2A4,SLC5A2,9606,0.581,0.0,0.0,0,0.104,0.0,0.0,0.551
9606.ENSP00000320935,9606.ENSP00000368880,SLC2A4,FOXO1,9606,0.614,0.0,0.0,0,0.043,0.0,0.0,0.613
9606.ENSP00000320935,9606.ENSP00000398698,SLC2A4,TNF,9606,0.621,0.0,0.0,0,0.0,0.0,0.0,0.621
9606.ENSP00000320935,9606.ENSP00000354558,SLC2A4,MTOR,9606,0.623,0.0,0.0,0,0.0,0.074,0.0,0.61
9606.ENSP00000320935,9606.ENSP00000385675,SLC2A4,IL6,9606,0.65,0.0,0.0,0,0.0,0.0,0.0,0.65
9606.ENSP00000320935,9606.ENSP00000385523,SLC2A4,PPARA,9606,0.745,0.0,0.0,0,0.084,0.0,0.0,0.733
9606.ENSP00000320935,9606.ENSP00000375892,SLC2A4,AKT2,9606,0.805,0.0,0.0,0,0.052,0.072,0.0,0.796
9606.ENSP00000320935,9606.ENSP00000365016,SLC2A4,IRS2,9606,0.812,0.0,0.0,0,0.0,0.078,0.0,0.804
9606.ENSP00000320935,9606.ENSP00000389814,SLC2A4,ADIPOQ,9606,0.887,0.0,0.0,0,0.128,0.0,0.0,0.876
9606.ENSP00000320935,9606.ENSP00000380432,SLC2A4,INS,9606,0.977,0.0,0.0,0,0.052,0.0,0.0,0.977
9606.ENSP00000327943,9606.ENSP00000438804,SLC5A2,HNF1A,9606,0.403,0.0,0.0,0,0.091,0.0,0.0,0.37
9606.ENSP00000327943,9606.ENSP00000398698,SLC5A2,TNF,9606,0.404,0.0,0.0,0,0.042,0.0,0.0,0.403
9606.ENSP00000327943,9606.ENSP00000385523,SLC5A2,PPARA,9606,0.453,0.0,0.0,0,0.053,0.0,0.0,0.447
9606.ENSP00000327943,9606.ENSP00000385675,SLC5A2,IL6,9606,0.479,0.0,0.0,0,0.0,0.0,0.0,0.479
9606.ENSP00000327943,9606.ENSP00000389814,SLC5A2,ADIPOQ,9606,0.674,0.0,0.0,0,0.0,0.0,0.0,0.674
9606.ENSP00000327943,9606.ENSP00000380432,SLC5A2,INS,9606,0.885,0.0,0.0,0,0.076,0.0,0.0,0.881
9606.ENSP00000327943,9606.ENSP00000353731,SLC5A2,DPP4,9606,0.909,0.0,0.0,0,0.042,0.0,0.0,0.909
9606.ENSP00000327943,9606.ENSP00000362353,SLC5A2,GLP1R,9606,0.909,0.0,0.0,0,0.053,0.0,0.0,0.908
9606.ENSP00000330393,9606.ENSP00000354558,LEPR,MTOR,9606,0.404,0.0,0.0,0,0.0,0.0,0.0,0.404
9606.ENSP00000330393,9606.ENSP00000486891,LEPR,TCF7L2,9606,0.431,0.0,0.0,0,0.043,0.0,0.0,0.43
9606.ENSP00000330393,9606.ENSP00000368880,LEPR,FOXO1,9606,0.435,0.0,0.0,0,0.065,0.0,0.0,0.42
9606.ENSP00000330393,9606.ENSP00000398698,LEPR,TNF,9606,0.534,0.0,0.0,0,0.0,0.0,0.0,0.534
9606.ENSP00000330393,9606.ENSP00000362353,LEPR,GLP1R,9606,0.564,0.0,0.0,0,0.047,0.0,0.0,0.562
9606.ENSP00000330393,9606.ENSP00000385523,LEPR,PPARA,9606,0.612,0.0,0.0,0,0.047,0.0,0.0,0.609
9606.ENSP00000330393,9606.ENSP00000365016,LEPR,IRS2,9606,0.819,0.0,0.0,0,0.042,0.0,0.5,0.653
9606.ENSP00000330393,9606.ENSP00000389814,LEPR,ADIPOQ,9606,0.868,0.0,0.0,0,0.043,0.0,0.0,0.868
9606.ENSP00000330393,9606.ENSP00000380432,LEPR,INS,9606,0.886,0.0,0.0,0,0.0,0.0,0.0,0.886
9606.ENSP00000330393,9606.ENSP00000385675,LEPR,IL6,9606,0.902,0.0,0.0,0,0.0,0.0,0.65,0.733
9606.ENSP00000339527,9606.ENSP00000385523,FOXO3,PPARA,9606,0.527,0.0,0.0,0,0.049,0.054,0.0,0.516
9606.ENSP00000339527,9606.ENSP00000385675,FOXO3,IL6,9606,0.581,0.0,0.0,0,0.051,0.0,0.0,0.577
9606.ENSP00000339527,9606.ENSP00000398698,FOXO3,TNF,9606,0.59,0.0,0.0,0,0.051,0.0,0.0,0.585
9606.ENSP00000339527,9606.ENSP00000365016,FOXO3,IRS2,9606,0.681,0.0,0.0,0,0.134,0.328,0.0,0.495
9606.ENSP00000339527,9606.ENSP00000354558,FOXO3,MTOR,9606,0.747,0.0,0.0,0,0.049,0.05,0.0,0.743
9606.ENSP00000339527,9606.ENSP00000418915,FOXO3,CDKN2A,9606,0.76,0.0,0.0,0,0.0,0.059,0.0,0.756
9606.ENSP00000339527,9606.ENSP00000380432,FOXO3,INS,9606,0.879,0.0,0.0,0,0.048,0.0,0.4,0.805
9606.ENSP00000339527,9606.ENSP00000360290,FOXO3,PRKAA2,9606,0.937,0.0,0.0,0,0.0,0.091,0.9,0.365
9606.ENSP00000339527,9606.ENSP00000346148,FOXO3,PRKAA1,9606,0.942,0.0,0.0,0,0.092,0.091,0.9,0.389
9606.ENSP00000339527,9606.ENSP00000368880,FOXO3,FOXO1,9606,0.955,0.0,0.0,0,0.073,0.0,0.9,0.562
9606.ENSP00000339527,9606.ENSP00000375892,FOXO3,AKT2,9606,0.98,0.0,0.0,0,0.049,0.312,0.9,0.74
9606.ENSP00000345708,9606.ENSP00000362353,KCNJ11,GLP1R,9606,0.474,0.0,0.0,0,0.0,0.0,0.0,0.474
9606.ENSP00000345708,9606.ENSP00000418915,KCNJ11,CDKN2A,9606,0.477,0.0,0.0,0,0.0,0.0,0.0,0.477
9606.ENSP00000345708,9606.ENSP00000418735,KCNJ11,ADAMTS9,9606,0.511,0.0,0.0,0,0.051,0.0,0.0,0.506
9606.ENSP00000345708,9606.ENSP00000377003,KCNJ11,TSPAN8,9606,0.534,0.0,0.0,0,0.0,0.0,0.0,0.534
9606.ENSP00000345708,9606.ENSP00000480291,KCNJ11,HNF1B,9606,0.544,0.0,0.0,0,0.0,0.0,0.0,0.544
9606.ENSP00000345708,9606.ENSP00000478874,KCNJ11,CAMK1D,9606,0.548,0.0,0.0,0,0.0,0.0,0.0,0.548
9606.ENSP00000345708,9606.ENSP00000370421,KCNJ11,PDX1,9606,0.704,0.0,0.0,0,0.042,0.0,0.0,0.704
9606.ENSP00000345708,9606.ENSP00000410242,KCNJ11,IGF2BP2,9606,0.78,0.0,0.0,0,0.0,0.0,0.0,0.78
9606.ENSP00000345708,9606.ENSP00000438804,KCNJ11,HNF1A,9606,0.829,0.0,0.0,0,0.043,0.0,0.0,0.829
9606.ENSP00000345708,9606.ENSP00000486891,KCNJ11,TCF7L2,9606,0.839,0.0,0.0,0,0.0,0.0,0.0,0.839
9606.ENSP00000345708,9606.ENSP00000415011,KCNJ11,SLC30A8,9606,0.84,0.0,0.0,0,0.044,0.0,0.0,0.839
9606.ENSP00000345708,9606.ENSP00000380432,KCNJ11,INS,9606,0.874,0.0,0.0,0,0.0,0.0,0.0,0.874
9606.ENSP00000345708,9606.ENSP00000494321,KCNJ11,ABCC8,9606,0.999,0.0,0.036,0,0.227,0.992,0.72,0.999
9606.ENSP00000346148,9606.ENSP00000389814,PRKAA1,ADIPOQ,9606,0.421,0.0,0.0,0,0.0,0.162,0.0,0.338
9606.ENSP00000346148,9606.ENSP00000380432,PRKAA1,INS,9606,0.599,0.0,0.0,0,0.062,0.096,0.0,0.566
9606.ENSP00000346148,9606.ENSP00000368880,PRKAA1,FOXO1,9606,0.954,0.0,0.0,0,0.056,0.091,0.9,0.535
9606.ENSP00000346148,9606.ENSP00000354558,PRKAA1,MTOR,9606,0.972,0.0,0.0,0,0.082,0.115,0.9,0.698
9606.ENSP00000346148,9606.ENSP00000360290,PRKAA1,PRKAA2,9606,0.984,0.0,0.0,0.052,0.0,0.433,0.9,0.748
9606.ENSP00000352798,9606.ENSP00000385675,COL18A1,IL6,9606,0.419,0.0,0.0,0,0.042,0.0,0.0,0.419
9606.ENSP00000352798,9606.ENSP00000398698,COL18A1,TNF,9606,0.443,0.0,0.0,0,0.0,0.0,0.0,0.443
9606.ENSP00000353731,9606.ENSP00000385523,DPP4,PPARA,9606,0.478,0.0,0.0,0,0.054,0.052,0.0,0.464
9606.ENSP00000353731,9606.ENSP00000418915,DPP4,CDKN2A,9606,0.528,0.0,0.0,0,0.0,0.062,0.0,0.518
9606.ENSP00000353731,9606.ENSP00000398698,DPP4,TNF,9606,0.589,0.0,0.0,0,0.0,0.0,0.0,0.589
9606.ENSP00000353731,9606.ENSP00000389814,DPP4,ADIPOQ,9606,0.608,0.0,0.0,0,0.0,0.0,0.0,0.608
9606.ENSP00000353731,9606.ENSP00000383558,DPP4,GCGR,9606,0.624,0.0,0.0,0,0.104,0.0,0.0,0.598
9606.ENSP00000353731,9606.ENSP00000385675,DPP4,IL6,9606,0.694,0.0,0.0,0,0.044,0.0,0.0,0.693
9606.ENSP00000353731,9606.ENSP00000380432,DPP4,INS,9606,0.906,0.0,0.0,0,0.103,0.0,0.0,0.9
9606.ENSP00000353731,9606.ENSP00000362353,DPP4,GLP1R,9606,0.965,0.0,0.0,0,0.0,0.0,0.0,0.965
9606.ENSP00000354558,9606.ENSP00000410242,MTOR,IGF2BP2,9606,0.487,0.0,0.0,0,0.042,0.0,0.0,0.487
9606.ENSP00000354558,9606.ENSP00000389814,MTOR,ADIPOQ,9606,0.552,0.0,0.0,0,0.0,0.0,0.0,0.552
9606.ENSP00000354558,9606.ENSP00000418915,MTOR,CDKN2A,9606,0.615,0.0,0.0,0,0.042,0.107,0.0,0.586
9606.ENSP00000354558,9606.ENSP00000398698,MTOR,TNF,9606,0.671,0.0,0.0,0,0.0,0.0,0.0,0.671
9606.ENSP00000354558,9606.ENSP00000385523,MTOR,PPARA,9606,0.68,0.0,0.0,0,0.047,0.0,0.0,0.678
9606.ENSP00000354558,9606.ENSP00000368880,MTOR,FOXO1,9606,0.758,0.0,0.0,0,0.0,0.05,0.0,0.755
9606.ENSP00000354558,9606.ENSP00000385675,MTOR,IL6,9606,0.772,0.0,0.0,0,0.0,0.0,0.0,0.772
9606.ENSP00000354558,9606.ENSP00000380432,MTOR,INS,9606,0.882,0.0,0.0,0,0.0,0.0,0.0,0.882
9606.ENSP00000354558,9606.ENSP00000365016,MTOR,IRS2,9606,0.966,0.0,0.0,0,0.0,0.312,0.9,0.548
9606.ENSP00000354558,9606.ENSP00000375892,MTOR,AKT2,9606,0.967,0.0,0.0,0,0.06,0.073,0.9,0.668
9606.ENSP00000354558,9606.ENSP00000360290,MTOR,PRKAA2,9606,0.973,0.0,0.0,0,0.0,0.115,0.9,0.721
9606.ENSP00000360290,9606.ENSP00000389814,PRKAA2,ADIPOQ,9606,0.63,0.0,0.0,0,0.0,0.0,0.5,0.291
9606.ENSP00000360290,9606.ENSP00000368880,PRKAA2,FOXO1,9606,0.931,0.0,0.0,0,0.0,0.091,0.9,0.304
9606.ENSP00000362353,9606.ENSP00000415011,GLP1R,SLC30A8,9606,0.457,0.0,0.0,0,0.042,0.0,0.0,0.456
9606.ENSP00000362353,9606.ENSP00000398698,GLP1R,TNF,9606,0.468,0.0,0.0,0,0.0,0.0,0.0,0.468
9606.ENSP00000362353,9606.ENSP00000365016,GLP1R,IRS2,9606,0.474,0.0,0.0,0,0.0,0.0,0.0,0.474
9606.ENSP00000362353,9606.ENSP00000385675,GLP1R,IL6,9606,0.481,0.0,0.0,0,0.0,0.0,0.0,0.481
9606.ENSP00000362353,9606.ENSP00000385523,GLP1R,PPARA,9606,0.517,0.0,0.0,0,0.054,0.0,0.0,0.511
9606.ENSP00000362353,9606.ENSP00000370421,GLP1R,PDX1,9606,0.561,0.0,0.0,0,0.19,0.0,0.0,0.48
9606.ENSP00000362353,9606.ENSP00000389814,GLP1R,ADIPOQ,9606,0.581,0.0,0.0,0,0.0,0.0,0.0,0.581
9606.ENSP00000362353,9606.ENSP00000368880,GLP1R,FOXO1,9606,0.644,0.0,0.0,0,0.0,0.0,0.0,0.644
9606.ENSP00000362353,9606.ENSP00000494321,GLP1R,ABCC8,9606,0.682,0.0,0.0,0,0.06,0.0,0.0,0.676
9606.ENSP00000362353,9606.ENSP00000383558,GLP1R,GCGR,9606,0.693,0.0,0.0,0,0.059,0.0,0.4,0.501
9606.ENSP00000362353,9606.ENSP00000486891,GLP1R,TCF7L2,9606,0.752,0.0,0.0,0,0.0,0.0,0.0,0.752
9606.ENSP00000362353,9606.ENSP00000380432,GLP1R,INS,9606,0.903,0.0,0.0,0,0.105,0.0,0.0,0.896
9606.ENSP00000365016,9606.ENSP00000398698,IRS2,TNF,9606,0.447,0.0,0.0,0,0.0,0.045,0.0,0.445
9606.ENSP00000365016,9606.ENSP00000370421,IRS2,PDX1,9606,0.52,0.0,0.0,0,0.0,0.045,0.0,0.518
9606.ENSP00000365016,9606.ENSP00000385675,IRS2,IL6,9606,0.54,0.0,0.0,0,0.042,0.0,0.0,0.54
9606.ENSP00000365016,9606.ENSP00000385523,IRS2,PPARA,9606,0.568,0.0,0.0,0,0.0,0.05,0.0,0.564
9606.ENSP00000365016,9606.ENSP00000389814,IRS2,ADIPOQ,9606,0.601,0.0,0.0,0,0.0,0.0,0.0,0.601
9606.ENSP00000365016,9606.ENSP00000375892,IRS2,AKT2,9606,0.689,0.0,0.0,0,0.049,0.098,0.0,0.666
9606.ENSP00000365016,9606.ENSP00000368880,IRS2,FOXO1,9606,0.825,0.0,0.0,0,0.134,0.091,0.0,0.796
9606.ENSP00000365016,9606.ENSP00000380432,IRS2,INS,9606,0.998,0.0,0.0,0,0.0,0.0,0.9,0.985
9606.ENSP00000368880,9606.ENSP00000418915,FOXO1,CDKN2A,9606,0.483,0.0,0.0,0,0.0,0.059,0.0,0.474
9606.ENSP00000368880,9606.ENSP00000438804,FOXO1,HNF1A,9606,0.511,0.0,0.0,0,0.0,0.051,0.0,0.506
9606.ENSP00000368880,9606.ENSP00000494321,FOXO1,ABCC8,9606,0.511,0.0,0.0,0,0.042,0.052,0.0,0.505
9606.ENSP00000368880,9606.ENSP00000486891,FOXO1,TCF7L2,9606,0.589,0.0,0.0,0,0.057,0.098,0.0,0.555
9606.ENSP00000368880,9606.ENSP00000385523,FOXO1,PPARA,9606,0.675,0.0,0.0,0,0.0,0.054,0.0,0.67
9606.ENSP00000368880,9606.ENSP00000389814,FOXO1,ADIPOQ,9606,0.692,0.0,0.0,0,0.047,0.0,0.0,0.691
9606.ENSP00000368880,9606.ENSP00000398698,FOXO1,TNF,9606,0.721,0.0,0.0,0,0.051,0.0,0.0,0.718
9606.ENSP00000368880,9606.ENSP00000385675,FOXO1,IL6,9606,0.736,0.0,0.0,0,0.051,0.0,0.0,0.733
9606.ENSP00000368880,9606.ENSP00000370421,FOXO1,PDX1,9606,0.886,0.0,0.0,0,0.0,0.075,0.75,0.547
9606.ENSP00000368880,9606.ENSP00000380432,FOXO1,INS,9606,0.944,0.0,0.0,0,0.048,0.0,0.4,0.91
9606.ENSP00000368880,9606.ENSP00000375892,FOXO1,AKT2,9606,0.986,0.0,0.0,0,0.0,0.312,0.9,0.816
9606.ENSP00000370421,9606.ENSP00000415011,PDX1,SLC30A8,9606,0.403,0.0,0.0,0,0.0,0.0,0.0,0.403
9606.ENSP00000370421,9606.ENSP00000494321,PDX1,ABCC8,9606,0.698,0.0,0.0,0,0.0,0.0,0.0,0.698
9606.ENSP00000370421,9606.ENSP00000480291,PDX1,HNF1B,9606,0.803,0.0,0.0,0,0.069,0.0,0.0,0.797
9606.ENSP00000370421,9606.ENSP00000438804,PDX1,HNF1A,9606,0.834,0.0,0.0,0,0.076,0.0,0.0,0.828
9606.ENSP00000370421,9606.ENSP00000380432,PDX1,INS,9606,0.966,0.0,0.0,0,0.168,0.0,0.75,0.852
9606.ENSP00000375892,9606.ENSP00000385675,AKT2,IL6,9606,0.406,0.0,0.0,0,0.0,0.0,0.0,0.406
9606.ENSP00000375892,9606.ENSP00000389814,AKT2,ADIPOQ,9606,0.407,0.0,0.0,0,0.0,0.0,0.0,0.407
9606.ENSP00000375892,9606.ENSP00000398698,AKT2,TNF,9606,0.429,0.0,0.0,0,0.074,0.057,0.0,0.398
9606.ENSP00000375892,9606.ENSP00000418915,AKT2,CDKN2A,9606,0.465,0.0,0.0,0,0.042,0.095,0.0,0.433
9606.ENSP00000375892,9606.ENSP00000380432,AKT2,INS,9606,0.846,0.0,0.0,0,0.0,0.071,0.0,0.841
9606.ENSP00000377003,9606.ENSP00000486891,TSPAN8,TCF7L2,9606,0.544,0.0,0.0,0,0.0,0.0,0.0,0.544
9606.ENSP00000377003,9606.ENSP00000480291,TSPAN8,HNF1B,9606,0.592,0.0,0.0,0,0.147,0.0,0.0,0.542
9606.ENSP00000377003,9606.ENSP00000478874,TSPAN8,CAMK1D,9606,0.641,0.0,0.0,0,0.0,0.0,0.0,0.641
9606.ENSP00000377003,9606.ENSP00000418735,TSPAN8,ADAMTS9,9606,0.663,0.0,0.0,0,0.047,0.0,0.0,0.661
9606.ENSP00000377003,9606.ENSP00000415011,TSPAN8,SLC30A8,9606,0.756,0.0,0.0,0,0.0,0.0,0.0,0.756
9606.ENSP00000377003,9606.ENSP00000410242,TSPAN8,IGF2BP2,9606,0.81,0.0,0.0,0,0.0,0.0,0.0,0.81
9606.ENSP00000380432,9606.ENSP00000410242,INS,IGF2BP2,9606,0.472,0.0,0.0,0,0.056,0.0,0.0,0.463
9606.ENSP00000380432,9606.ENSP00000480291,INS,HNF1B,9606,0.517,0.0,0.0,0,0.061,0.0,0.0,0.507
9606.ENSP00000380432,9606.ENSP00000418915,INS,CDKN2A,9606,0.584,0.0,0.0,0,0.0,0.0,0.0,0.584
9606.ENSP00000380432,9606.ENSP00000486891,INS,TCF7L2,9606,0.666,0.0,0.0,0,0.0,0.0,0.0,0.666
9606.ENSP00000380432,9606.ENSP00000383558,INS,GCGR,9606,0.795,0.0,0.0,0,0.062,0.0,0.0,0.791
9606.ENSP00000380432,9606.ENSP00000438804,INS,HNF1A,9606,0.871,0.0,0.0,0,0.062,0.0,0.0,0.868
9606.ENSP00000380432,9606.ENSP00000385523,INS,PPARA,9606,0.898,0.0,0.0,0,0.0,0.0,0.0,0.898
9606.ENSP00000380432,9606.ENSP00000494321,INS,ABCC8,9606,0.909,0.0,0.0,0,0.109,0.096,0.0,0.897
9606.ENSP00000380432,9606.ENSP00000415011,INS,SLC30A8,9606,0.912,0.0,0.0,0,0.109,0.0,0.0,0.906
9606.ENSP00000380432,9606.ENSP00000398698,INS,TNF,9606,0.926,0.0,0.0,0,0.0,0.0,0.0,0.926
9606.ENSP00000380432,9606.ENSP00000385675,INS,IL6,9606,0.933,0.0,0.0,0,0.0,0.0,0.0,0.933
9606.ENSP00000380432,9606.ENSP00000389814,INS,ADIPOQ,9606,0.961,0.0,0.0,0,0.0,0.0,0.0,0.961
9606.ENSP00000383558,9606.ENSP00000398698,GCGR,TNF,9606,0.455,0.0,0.0,0,0.047,0.0,0.0,0.451
9606.ENSP00000385523,9606.ENSP00000438804,PPARA,HNF1A,9606,0.492,0.0,0.0,0,0.042,0.046,0.0,0.489
9606.ENSP00000385523,9606.ENSP00000385675,PPARA,IL6,9606,0.722,0.0,0.0,0,0.074,0.0,0.0,0.712
9606.ENSP00000385523,9606.ENSP00000398698,PPARA,TNF,9606,0.81,0.0,0.0,0,0.088,0.0,0.0,0.8
9606.ENSP00000385523,9606.ENSP00000389814,PPARA,ADIPOQ,9606,0.914,0.0,0.0,0,0.069,0.0,0.0,0.912
9606.ENSP00000385675,9606.ENSP00000418915,IL6,CDKN2A,9606,0.621,0.0,0.0,0,0.0,0.0,0.0,0.621
9606.ENSP00000385675,9606.ENSP00000389814,IL6,ADIPOQ,9606,0.89,0.0,0.0,0,0.0,0.0,0.0,0.89
9606.ENSP00000385675,9606.ENSP00000398698,IL6,TNF,9606,0.994,0.0,0.0,0,0.261,0.0,0.4,0.989
9606.ENSP00000389814,9606.ENSP00000486891,ADIPOQ,TCF7L2,9606,0.447,0.0,0.0,0,0.044,0.0,0.0,0.446
9606.ENSP00000389814,9606.ENSP00000398698,ADIPOQ,TNF,9606,0.871,0.0,0.0,0,0.047,0.0,0.0,0.871
9606.ENSP00000398698,9606.ENSP00000410242,TNF,IGF2BP2,9606,0.448,0.0,0.0,0,0.0,0.0,0.0,0.448
9606.ENSP00000398698,9606.ENSP00000418915,TNF,CDKN2A,9606,0.572,0.0,0.0,0,0.0,0.0,0.0,0.572
9606.ENSP00000410242,9606.ENSP00000418735,IGF2BP2,ADAMTS9,9606,0.579,0.0,0.0,0,0.058,0.0,0.0,0.572
9606.ENSP00000410242,9606.ENSP00000478874,IGF2BP2,CAMK1D,9606,0.582,0.0,0.0,0,0.0,0.0,0.0,0.582
9606.ENSP00000410242,9606.ENSP00000480291,IGF2BP2,HNF1B,9606,0.596,0.0,0.0,0,0.0,0.0,0.0,0.596
9606.ENSP00000410242,9606.ENSP00000418915,IGF2BP2,CDKN2A,9606,0.734,0.0,0.0,0,0.049,0.0,0.0,0.732
9606.ENSP00000410242,9606.ENSP00000486891,IGF2BP2,TCF7L2,9606,0.737,0.0,0.0,0,0.082,0.0,0.0,0.726
9606.ENSP00000410242,9606.ENSP00000415011,IGF2BP2,SLC30A8,9606,0.863,0.0,0.0,0,0.0,0.0,0.0,0.863
9606.ENSP00000415011,9606.ENSP00000438804,SLC30A8,HNF1A,9606,0.457,0.0,0.0,0,0.06,0.0,0.0,0.447
9606.ENSP00000415011,9606.ENSP00000418915,SLC30A8,CDKN2A,9606,0.579,0.0,0.0,0,0.0,0.046,0.0,0.576
9606.ENSP00000415011,9606.ENSP00000418735,SLC30A8,ADAMTS9,9606,0.601,0.0,0.0,0,0.0,0.0,0.0,0.601
9606.ENSP00000415011,9606.ENSP00000478874,SLC30A8,CAMK1D,9606,0.634,0.0,0.0,0,0.0,0.071,0.0,0.622
9606.ENSP00000415011,9606.ENSP00000480291,SLC30A8,HNF1B,9606,0.651,0.0,0.0,0,0.06,0.0,0.0,0.644
9606.ENSP00000415011,9606.ENSP00000494321,SLC30A8,ABCC8,9606,0.726,0.0,0.0,0,0.071,0.0,0.0,0.717
9606.ENSP00000415011,9606.ENSP00000486891,SLC30A8,TCF7L2,9606,0.89,0.0,0.0,0,0.0,0.0,0.0,0.89
9606.ENSP00000418735,9606.ENSP00000486891,ADAMTS9,TCF7L2,9606,0.569,0.0,0.0,0,0.042,0.0,0.0,0.569
9606.ENSP00000418735,9606.ENSP00000478874,ADAMTS9,CAMK1D,9606,0.642,0.0,0.0,0,0.0,0.0,0.0,0.642
9606.ENSP00000418915,9606.ENSP00000478874,CDKN2A,CAMK1D,9606,0.421,0.0,0.0,0,0.048,0.111,0.0,0.371
9606.ENSP00000418915,9606.ENSP00000486891,CDKN2A,TCF7L2,9606,0.778,0.0,0.0,0,0.0,0.0,0.5,0.575
9606.ENSP00000438804,9606.ENSP00000486891,HNF1A,TCF7L2,9606,0.587,0.0,0.0,0,0.0,0.068,0.0,0.576
9606.ENSP00000438804,9606.ENSP00000494321,HNF1A,ABCC8,9606,0.835,0.0,0.0,0,0.13,0.0,0.0,0.819
9606.ENSP00000438804,9606.ENSP00000480291,HNF1A,HNF1B,9606,0.961,0.0,0.0,0,0.157,0.805,0.0,0.786
9606.ENSP00000478874,9606.ENSP00000486891,CAMK1D,TCF7L2,9606,0.581,0.0,0.0,0,0.048,0.0,0.0,0.578
9606.ENSP00000480291,9606.ENSP00000486891,HNF1B,TCF7L2,9606,0.465,0.0,0.0,0,0.044,0.068,0.0,0.448
9606.ENSP00000480291,9606.ENSP00000494321,HNF1B,ABCC8,9606,0.477,0.0,0.0,0,0.103,0.0,0.0,0.441
9606.ENSP00000486891,9606.ENSP00000494321,TCF7L2,ABCC8,9606,0.683,0.0,0.0,0,0.0,0.0,0.0,0.683
